word,shap_value,direction
suicide,0.068905433,positive 
award,0.057309585,positive 
anime,0.03277643,positive 
suicidal,0.031908834,positive 
hope,0.028399336,positive 
hey,0.026805462,positive 
job,0.025995437,positive 
rant,0.024500136,positive 
point,0.022139271,positive 
reddit,0.020749465,positive 
rn,0.020006553,positive 
thinking,0.018502819,positive 
hang,0.018481193,positive 
end,0.018014412,positive 
tried,0.017296706,positive 
want,0.017109043,positive 
war,0.016367392,positive 
yall,0.015875093,positive 
lgbtq,0.015596224,positive 
lost,0.015026426,positive 
zoom,0.015022653,positive 
ending,0.014635812,positive 
like,0.013731264,positive 
worse,0.013630033,positive 
tonight,0.013470607,positive 
wish luck,0.013191166,positive 
proud,0.012929818,positive 
im,0.012678696,positive 
cool,0.01256146,positive 
live,0.012313061,positive 
dude,0.012227098,positive 
pls,0.012048293,positive 
plan,0.012016537,positive 
want end,0.011497901,positive 
rope,0.011387255,positive 
think,0.011311912,positive 
hotline,0.010617803,positive 
iti,0.010441751,positive 
wish,0.010398953,positive 
friend,0.009862005,positive 
que,0.049843192,negative 
kill,0.046250701,negative 
filler,0.030770144,negative 
living,0.027697499,negative 
karma,0.022844251,negative 
talk,0.022705954,negative 
feel,0.022271784,negative 
memes,0.02099089,negative 
worth,0.020643783,negative 
care,0.020482813,negative 
life,0.020191066,negative 
going,0.020001728,negative 
left,0.019965205,negative 
alive,0.019049463,negative 
hates,0.018555251,negative 
school,0.01628594,negative 
way,0.016096854,negative 
outi,0.015514719,negative 
matter,0.015441048,negative 
filler filler,0.014906382,negative 
cares,0.013724285,negative 
pain,0.012875533,negative 
dad,0.012871254,negative 
fucking,0.011849763,negative 
depressed,0.011756816,negative 
home,0.011532118,negative 
teens,0.011208986,negative 
play,0.010863378,negative 
depression,0.010789441,negative 
sleep,0.010393567,negative 
pog,0.010355301,negative 
tired,0.01034318,negative 
cringe,0.010322269,negative 
song,0.010149534,negative 
idk,0.010110137,negative 
jumping,0.01007014,negative 
horny,0.010064246,negative 
yeah,0.009927616,negative 
need talk,0.009903169,negative 
miserable,0.00961426,negative 
